<?xml version="1.0" encoding="UTF-8" ?>
<!DOCTYPE mapper
        PUBLIC "-//mybatis.org//DTD Mapper 3.0//EN"
        "https://mybatis.org/dtd/mybatis-3-mapper.dtd">
<mapper namespace="CommonSql">
	<sql id="storePaginationSql">
               SELECT ROW_NUMBER() OVER (ORDER BY g.store_id ASC) AS row_num,
                    g.store_id as g_store_id,
                    g.user_id,
                    g.INDUSTRY_ID,
                    g.CONTACT,
                    g.STORE_IMAGE,
                    g.AVERAGE_RATING,
                    g.TAKEOUT,
                    g.DELIVERY,
                    g.WIFI,
                    g.PET,
                    g.KID,
                    g.PARKING,
                    b.STORE_NAME,
                    a.store_id as a_store_id,
                    a.main_menu,
                    a.price,
                    i.INDUSTRY_NAME,
                    sg.SIGUNGU_NAME,
                    sd.SIDO_NAME 
               FROM GOOD_PRICE_BUSINESS g
               JOIN BUSINESS_USER b
               ON g.USER_ID = b.USER_ID
               JOIN APPROVAL_MANAGEMENT a
               ON g.store_id = a.store_id
               JOIN INDUSTRY i 
               ON g.INDUSTRY_ID = i.INDUSTRY_ID
               JOIN SIGUNGU sg
               ON b.SIGUNGU_ID = sg.SIGUNGU_ID 
               JOIN SIDO sd
               ON sg.SIDO_ID = sd.SIDO_ID
    </sql>
	
	<!-- 페이지네이션 처리 -->
    <sql id="paginationWhere">
        <![CDATA[WHERE row_num >= #{pageable.offset} + 1 AND row_num <= #{pageable.offset} + #{pageable.pageSize}]]>
    </sql>

    
    <sql id="storeReviewPaginationSql">
    	select t.*
		from(
			SELECT
			<if test="data.sort == 0">
				ROW_NUMBER() OVER (ORDER BY like_count DESC) AS row_num,
			</if>
			<if test="data.sort == 1">
				ROW_NUMBER() OVER (ORDER BY created_at DESC) AS row_num,
			</if>
				review_id,
				store_id,
				user_id ,
				rating ,
				content ,
				review_menu ,
				like_count ,
				review_price ,
				TO_CHAR(created_at, 'yyyy-MM-dd HH:mm:ss') AS created_at
			FROM review
			WHERE store_id = #{data.storeId}
		) t
    </sql>
   
   
    <!-- 업소 목록 페이지(추천/평점순) -->
    <sql id="filterPaginationSql">
		SELECT 
			tb.*,
			<if test="data.sort == 0">
				ROW_NUMBER() OVER (ORDER BY like_count DESC, store_name) AS row_num
			</if>
			<if test="data.sort == 1">
				ROW_NUMBER() OVER (ORDER BY review_avg DESC, store_name) AS row_num
			</if>
		FROM (
			SELECT
				gpb.store_id,
				gpb.user_id,
				gpb.INDUSTRY_ID,
				gpb.CONTACT,
				gpb.STORE_IMAGE,
				gpb.TAKEOUT,
				gpb.DELIVERY,
				gpb.WIFI,
				gpb.PET,
				gpb.KID,
				gpb.PARKING,
				gpb.created_at,
				bu.STORE_NAME,
				bu.ADDRESS,
				bu.LAT,
				bu.LNG,
				i.INDUSTRY_NAME,
				sgg.SIGUNGU_NAME,
				sgg.SIGUNGU_ID ,
				sd.SIDO_NAME,
				am.price,
				am.main_menu,
				(SELECT NVL(SUM(LIKE_COUNT), 0) FROM review WHERE store_id = gpb.store_id ) AS like_count,
				(SELECT count(*) FROM REVIEW r WHERE r.STORE_ID = GPB.STORE_ID ) AS review_count,
			    (SELECT TRUNC(AVG(rating),1) FROM REVIEW r  WHERE r.STORE_ID = GPB.STORE_ID ) AS review_avg,
				(SELECT COUNT(*) FROM review r WHERE r.STORE_ID = gpb.STORE_ID AND r.RATING = 5) AS rating_5_count,
			    (SELECT COUNT(*) FROM review r WHERE r.STORE_ID = gpb.STORE_ID AND r.RATING = 4) AS rating_4_count,
			    (SELECT COUNT(*) FROM review r WHERE r.STORE_ID = gpb.STORE_ID AND r.RATING = 3) AS rating_3_count,
			    (SELECT COUNT(*) FROM review r WHERE r.STORE_ID = gpb.STORE_ID AND r.RATING = 2) AS rating_2_count,
			    (SELECT COUNT(*) FROM review r WHERE r.STORE_ID = gpb.STORE_ID AND r.RATING = 1) AS rating_1_count
			FROM user_table ut
			INNER JOIN BUSINESS_USER bu
			ON ut.USER_ID = bu.USER_ID
			INNER JOIN SIGUNGU sgg 
			ON bu.SIGUNGU_ID = sgg.SIGUNGU_ID
			INNER JOIN SIDO sd
			ON sgg.SIDO_ID = sd.SIDO_ID
			INNER JOIN GOOD_PRICE_BUSINESS gpb 
			ON ut.USER_ID = gpb.USER_ID
			INNER JOIN INDUSTRY i 
			ON gpb.INDUSTRY_ID = i.INDUSTRY_ID 
			INNER JOIN APPROVAL_MANAGEMENT am 
			ON gpb.store_id = am.store_id
			<where>
				<if test="data.sidoId != null and data.sidoId != ''">
					AND sd.SIDO_ID = #{data.sidoId}
				</if>
		           
				<if test="data.sidoName != null and data.sidoName != '' and data.sidoName != 'null'">
		           AND sd.SIDO_NAME = #{data.sidoName}
				</if>
		           
		        <if test="data.sigunguId != null and data.sigunguId != ''">
		           AND sgg.SIGUNGU_ID = #{data.sigunguId}
		        </if>
		           
		        <if test="data.sigunguName != null and data.sigunguName != '' and data.sigunguName != 'null' ">
		        	AND sgg.SIGUNGU_NAME = #{data.sigunguName}
		        </if>
		        
		        <if test="data.industryId != null and data.industryId != ''">
		        	AND i.INDUSTRY_ID = #{data.industryId}
		        </if>
		        
		        <if test="data.industryName != null and data.industryName != '' and data.industryName != 'null' ">
		        	AND i.INDUSTRY_NAME = #{data.industryName}
		        </if>
		
				<if test="data.storeName != null and data.storeName.trim() != ''">
                	AND bu.STORE_NAME LIKE '%' || #{data.storeName} || '%'
				</if>
				 
				<if test="data.mainMenu != null and data.mainMenu.trim() != ''">
				 	AND am.MAIN_MENU LIKE '%' || #{data.mainMenu} || '%'
				</if>
		      
		        <if test="data.takeout != null and data.takeout != ''">
		        	AND gpb.TAKEOUT = #{data.takeout}
		        </if>
		        
		        <if test="data.delivery != null and data.delivery != ''">
		        	AND gpb.DELIVERY = #{data.delivery}
		        </if>
		        
		        <if test="data.wifi != null and data.wifi != ''">
		        	AND gpb.WIFI = #{data.wifi}
		        </if>
		        
		        <if test="data.pet != null and data.pet != ''">
		        	AND gpb.PET = #{data.pet}
		        </if>
		        
		        <if test="data.kid != null and data.kid != ''">
		         	AND gpb.KID = #{data.kid}
		        </if>
		        
		        <if test="data.parking != null and data.parking != ''">
		        	AND gpb.PARKING = #{data.parking}
		        </if>
		        <!-- AND gpb.created_at >= SYSDATE - 7 -->
		    
		    	<!--
		 		AND
		        <![CDATA[SYSDATE - TO_DATE(  to_char(gpb.created_at, 'YYYY-MM-DD')) < 30 ]]> -->
		      
			</where>
			<!-- 최신순 -->
			<!-- ORDER BY gpb.created_at DESC -->
		) tb	 
    </sql>
      

    <!-- 업소상세페이지 -->
    <sql id="storeDetailSql">
	  SELECT   GPB.INDUSTRY_ID, 
			   GPB.AVERAGE_RATING ,
			   r.REVIEW_ID ,
			   r.STORE_ID ,
			   r.USER_ID ,
			   r.RATING ,
			   r.CONTENT ,
			   r.REVIEW_PRICE ,
			   r.LIKE_COUNT ,
			   r.CREATED_AT ,
			   r.REVIEW_MENU ,
			   ri.REVIEW_IMG 
		FROM GOOD_PRICE_BUSINESS gpb 
		INNER JOIN REVIEW r 
		ON GPB.STORE_ID = r.STORE_ID 
		INNER JOIN REVIEW_IMG ri  
		ON r.REVIEW_ID = ri.REVIEW_ID
    </sql>

</mapper>