<?xml version="1.0" encoding="UTF-8" ?>
<!DOCTYPE mapper
        PUBLIC "-//mybatis.org//DTD Mapper 3.0//EN"
        "https://mybatis.org/dtd/mybatis-3-mapper.dtd">

<mapper namespace="com.example.finalEclips.eclips.mypage.repository.MypageMapper">
	<!-- 예약 : 사용자 관점-->
	<resultMap id="activateResultMap" type="com.example.finalEclips.eclips.mypage.dto.UserActivateDto">
	    <result property="storeId" column="STORE_ID" />
	    <result property="storeName" column="STORE_NAME" />
	    <result property="activateDate" column="ACTIVATE_DATE" />
	</resultMap>
	
	
	<!-- 예약 : 업소관점 -->
    <resultMap id="storeActivateResultMap" type="com.example.finalEclips.eclips.mypage.dto.StoreActivateDto">
        <result property="userId" column="USER_ID"/>
        <result property="activateDate" column="ACTIVATE_DATE"/>
        <result property="name" column="NAME"/>
        <result property="phoneNumber" column="PHONE_NUMBER"/>
        <result property="storeName" column="STORE_NAME"/>
    </resultMap>
	
	
	<!-- 사용자 아이디 + 기간별로 리뷰 조회 (페이지네이션 적용) -->
	<select id="findReviewByPeriod" resultType="com.example.finalEclips.eclips.mypage.dto.ReviewDto">
	    SELECT R.*,
	        (
	            SELECT LISTAGG(review_img_id, ',') WITHIN GROUP (ORDER BY review_img_id) 
	            FROM review_img
	            WHERE review_id = R.review_id
	        ) AS review_img_ids
	    FROM (
	        SELECT R.REVIEW_ID, 
	               R.STORE_ID, 
	               R.USER_ID, 
	               R.RATING, 
	               R.CONTENT, 
	               R.REVIEW_MENU, 
	               R.REVIEW_PRICE, 
	               R.LIKE_COUNT, 
	               R.CREATED_AT, 
	               BU.STORE_NAME
	        FROM REVIEW R
	        LEFT JOIN GOOD_PRICE_BUSINESS GPB ON R.STORE_ID = GPB.STORE_ID
	        LEFT JOIN USER_TABLE U ON GPB.USER_ID = U.USER_ID
	        LEFT JOIN BUSINESS_USER BU ON U.USER_ID = BU.USER_ID
	        WHERE R.USER_ID = #{userId, jdbcType=VARCHAR}
	        
	        <if test="period != 'all'">
	            <if test="period == 'today'">
	                AND TRUNC(R.CREATED_AT) = TRUNC(SYSDATE)
	            </if>
	            <if test="period == '1month'">
	                AND R.CREATED_AT >= ADD_MONTHS(SYSDATE, -1)
	            </if>
	            <if test="period == '3months'">
	                AND R.CREATED_AT >= ADD_MONTHS(SYSDATE, -3)
	            </if>
	            <if test="period == '6months'">
	                AND R.CREATED_AT >= ADD_MONTHS(SYSDATE, -6)
	            </if>
	            <if test="period == '1year'">
	                AND R.CREATED_AT >= ADD_MONTHS(SYSDATE, -12)
	            </if>
	            <if test="period == '3years'">
	                AND R.CREATED_AT >= ADD_MONTHS(SYSDATE, -36)
	            </if>
	        </if>
	        ORDER BY R.CREATED_AT DESC, R.REVIEW_ID DESC
	        OFFSET #{pageable.offset} ROWS FETCH NEXT #{pageable.pageSize} ROWS ONLY
	    ) R
	</select>

    
	<!-- 전체 리뷰 개수 조회 -->
    <select id="countReviewByPeriod" resultType="int">
        SELECT COUNT(*) FROM REVIEW R
        WHERE R.USER_ID = #{userId}
        <if test="period != 'all'">
            <if test="period == 'today'">
                AND TRUNC(R.CREATED_AT) = TRUNC(SYSDATE)
            </if>
            <if test="period == '1month'">
                AND R.CREATED_AT >= ADD_MONTHS(SYSDATE, -1)
            </if>
            <if test="period == '3months'">
                AND R.CREATED_AT >= ADD_MONTHS(SYSDATE, -3)
            </if>
            <if test="period == '6months'">
                AND R.CREATED_AT >= ADD_MONTHS(SYSDATE, -6)
            </if>
            <if test="period == '1year'">
                AND R.CREATED_AT >= ADD_MONTHS(SYSDATE, -12)
            </if>
            <if test="period == '3years'">
                AND R.CREATED_AT >= ADD_MONTHS(SYSDATE, -36)
            </if>
        </if>
    </select>
	
	
	<!-- 리뷰 삭제 -->
	<delete id="deleteReview">
	    DELETE FROM REVIEW
	    WHERE REVIEW_ID = #{reviewId}
    </delete>

	<delete id="deleteReviewImg">
	    DELETE FROM REVIEW_IMG
	    WHERE REVIEW_ID = #{reviewId}
	</delete>
	
	
	<!-- 사용자 아이디 예약 조회 (페이지네이션 적용) -->
	<select id="findActivateByPeriod" resultMap="activateResultMap">
	    SELECT A.ACTIVATE_ID, 
	           A.ACTIVATE_DATE, 
	           A.USER_ID, 
	           A.STORE_ID, 
	           A.CREATED_AT, 
	           BU.STORE_NAME
	    FROM ACTIVATE A
	    LEFT JOIN GOOD_PRICE_BUSINESS GPB ON A.STORE_ID = GPB.STORE_ID
	    LEFT JOIN USER_TABLE U ON GPB.USER_ID = U.USER_ID
	    LEFT JOIN BUSINESS_USER BU ON U.USER_ID = BU.USER_ID
	    WHERE A.USER_ID = #{userId}
	    <if test="period == 'future'">
	        <![CDATA[ AND A.ACTIVATE_DATE >= TRUNC(SYSDATE) ]]>
	    </if>
	    <if test="period == 'past'">
	        <![CDATA[ AND A.ACTIVATE_DATE < TRUNC(SYSDATE) ]]>
	    </if>
	    ORDER BY A.ACTIVATE_DATE DESC
	    OFFSET #{pageable.offset} ROWS FETCH NEXT #{pageable.pageSize} ROWS ONLY
	</select>
	
	<!-- 사용자 아이디 예약 수 -->
    <select id="countActivateByPeriod" resultType="int">
        SELECT COUNT(*) 
        FROM ACTIVATE A
        LEFT JOIN GOOD_PRICE_BUSINESS GPB ON A.STORE_ID = GPB.STORE_ID
        LEFT JOIN USER_TABLE U ON GPB.USER_ID = U.USER_ID
        LEFT JOIN BUSINESS_USER BU ON U.USER_ID = BU.USER_ID
        WHERE A.USER_ID = #{userId}
        <if test="period == 'future'">
            <![CDATA[ AND A.ACTIVATE_DATE >= TRUNC(SYSDATE) ]]>
        </if>
        <if test="period == 'past'">
            <![CDATA[ AND A.ACTIVATE_DATE < TRUNC(SYSDATE) ]]>
        </if>
    </select>
	
	
	<!-- 예약 삭제 -->
	<delete id="deleteActivate">
	    DELETE FROM ACTIVATE
	    WHERE ACTIVATE_ID = #{activateId}
	</delete>


    <!-- 사업자 : 등록 신청 결과 조회 -->
    <select id="findApproval" resultType="com.example.finalEclips.eclips.mypage.dto.ApplyStatusDto">
	    SELECT BU.STORE_NAME, AM.PRICE_APPROVAL, AM.CLEANLINESS_APPROVAL, AM.FINAL_APPROVAL_STATUS, AM.UPDATED_AT
        FROM APPROVAL_MANAGEMENT AM
        JOIN GOOD_PRICE_BUSINESS GPB ON AM.STORE_ID = GPB.STORE_ID
        JOIN USER_TABLE UT ON GPB.USER_ID = UT.USER_ID
        JOIN BUSINESS_USER BU ON UT.USER_ID = BU.USER_ID
        WHERE UT.USER_ID = #{userId}
    </select>
    
    
    <!-- 사업자 : 재신청 조회 -->
    <select id="findStoreRegisterInfo" resultType="com.example.finalEclips.eclips.mypage.dto.StoreRegisterDto">
        SELECT 
		    am.MAIN_MENU, 
		    am.PRICE, 
		    gpb.CONTACT, 
		    gpb.INDUSTRY_ID, 
		    gpb.TAKEOUT, 
		    gpb.DELIVERY, 
		    gpb.WIFI, 
		    gpb.PET, 
		    gpb.KID, 
		    gpb.PARKING, 
		    ar.IS_ACTIVATE
		FROM 
		    APPROVAL_MANAGEMENT am
		JOIN 
		    GOOD_PRICE_BUSINESS gpb ON am.STORE_ID = gpb.STORE_ID
		JOIN 
		    USER_TABLE ut ON gpb.USER_ID = ut.USER_ID
		JOIN 
		    BUSINESS_USER bu ON ut.USER_ID = bu.USER_ID
		JOIN 
		    ACTIVATE_RESERVATION ar ON am.STORE_ID = ar.STORE_ID
		WHERE 
		    ut.USER_ID = #{userId}
    </select>
    
    
    <!-- 사업자 : 업소정보 조회 -->
    <select id="findStoreInfo" resultType="com.example.finalEclips.eclips.mypage.dto.StoreEditDto">
        SELECT 
		    bu.STORE_NAME, 
		    bu.BUSINESS_REG_NO, 
		    bu.ADDRESS, 
		    am.MAIN_MENU, 
		    am.PRICE, 
		    ar.IS_ACTIVATE
		FROM 
		    APPROVAL_MANAGEMENT am
		JOIN 
		    GOOD_PRICE_BUSINESS gpb ON am.STORE_ID = gpb.STORE_ID
		JOIN 
		    USER_TABLE ut ON gpb.USER_ID = ut.USER_ID
		JOIN 
		    BUSINESS_USER bu ON ut.USER_ID = bu.USER_ID
		JOIN 
		    ACTIVATE_RESERVATION ar ON am.STORE_ID = ar.STORE_ID
		WHERE 
		    ut.USER_ID = #{userId}
    </select>


    <!-- 사업자 : 예약 활성화 업데이트  -->
    <update id="updateStoreInfo" parameterType="com.example.finalEclips.eclips.mypage.dto.ReservationActivateDto">
	    UPDATE ACTIVATE_RESERVATION ar
	    SET ar.IS_ACTIVATE = #{isActivate},
	        ar.UPDATED_AT = SYSDATE
	    WHERE ar.STORE_ID = (
	        SELECT gpb.STORE_ID
	        FROM GOOD_PRICE_BUSINESS gpb
	        JOIN USER_TABLE ut ON gpb.USER_ID = ut.USER_ID
	        WHERE gpb.USER_ID = #{userId}
	    )
	</update>
	
	
	<!-- 전체 예약 수 조회 -->
	<select id="countStoreActivateByPeriod" resultType="int">
	    SELECT COUNT(*) 
	    FROM ACTIVATE A
	    JOIN GOOD_PRICE_BUSINESS GPB ON A.STORE_ID = GPB.STORE_ID
	    JOIN USER_TABLE U ON A.USER_ID = U.USER_ID
	    JOIN BUSINESS_USER BU ON GPB.USER_ID = BU.USER_ID
	    WHERE GPB.USER_ID = #{userId}
	    <if test="period == 'future'">
	        <![CDATA[ AND A.ACTIVATE_DATE >= TRUNC(SYSDATE) ]]>
	    </if>
	    <if test="period == 'past'">
	        <![CDATA[ AND A.ACTIVATE_DATE < TRUNC(SYSDATE) ]]>
	    </if>
	</select>

    <!-- 사업자 : 예약 조회 -->
	<select id="findStoreActivateByPeriod" resultMap="storeActivateResultMap">
	    <![CDATA[
	    SELECT * FROM (
	        SELECT
	            A.ACTIVATE_ID, 
	            A.USER_ID,
	            A.ACTIVATE_DATE,
	            U.NAME,
	            U.PHONE_NUMBER,
	            A.STORE_ID,
	            ROW_NUMBER() OVER (ORDER BY A.ACTIVATE_DATE ASC, A.ACTIVATE_ID ASC) AS row_num
	        FROM ACTIVATE A
	        JOIN GOOD_PRICE_BUSINESS GPB ON A.STORE_ID = GPB.STORE_ID
	        JOIN USER_TABLE U ON A.USER_ID = U.USER_ID
	        JOIN BUSINESS_USER BU ON GPB.USER_ID = BU.USER_ID
	        WHERE GPB.USER_ID = #{userId}
	    ]]>
	    <if test="period == 'future'">
	        <![CDATA[ AND A.ACTIVATE_DATE >= TRUNC(SYSDATE) ]]>
	    </if>
	    <if test="period == 'past'">
	        <![CDATA[ AND A.ACTIVATE_DATE < TRUNC(SYSDATE) ]]>
	    </if>
	    <![CDATA[
	    ) paginated_results
	    WHERE row_num > #{pageable.offset} AND row_num <= (#{pageable.offset} + #{pageable.pageSize})
	    ]]>
	</select>


    <!-- 승인관리 리스트 -->
    <select id="findApprovalManagementList" resultType="com.example.finalEclips.eclips.mypage.dto.ApprovalListDto">
	    SELECT 
	        am.STORE_ID,
	        bu.STORE_NAME,
	        am.MAIN_MENU,
	        s.SIDO_NAME,
	        am.PRICE,
	        am.FINAL_APPROVAL_STATUS,
	        am.UPDATED_AT
	    FROM APPROVAL_MANAGEMENT am
	    JOIN GOOD_PRICE_BUSINESS gpb ON am.STORE_ID = gpb.STORE_ID
	    JOIN USER_TABLE ut ON gpb.USER_ID = ut.USER_ID
	    JOIN BUSINESS_USER bu ON bu.USER_ID = gpb.USER_ID
	    JOIN SIGUNGU sg ON bu.SIGUNGU_ID = sg.SIGUNGU_ID
	    JOIN SIDO s ON sg.SIDO_ID = s.SIDO_ID
	    WHERE
	        <choose>
	            <when test="status == 'ALL'">
	                1 = 1
	            </when>
	            <otherwise>
	                am.FINAL_APPROVAL_STATUS = #{status}
	            </otherwise>
	        </choose>
	    ORDER BY am.UPDATED_AT DESC, am.STORE_ID DESC
	    OFFSET #{pageable.offset} ROWS FETCH NEXT #{pageable.pageSize} ROWS ONLY
	</select>


    <!-- 승인관리 카운트 -->
    <select id="findTotalActivateCount" resultType="int">
	    SELECT COUNT(*)
	    FROM 
            APPROVAL_MANAGEMENT am
        JOIN 
            GOOD_PRICE_BUSINESS gpb ON am.STORE_ID = gpb.STORE_ID
        JOIN 
            USER_TABLE ut ON gpb.USER_ID = ut.USER_ID
        JOIN 
            BUSINESS_USER bu ON bu.USER_ID = gpb.USER_ID
        JOIN 
            SIGUNGU sg ON bu.SIGUNGU_ID = sg.SIGUNGU_ID
        JOIN 
            SIDO s ON sg.SIDO_ID = s.SIDO_ID
        WHERE
           <choose>
                <when test="status eq 'ALL'">
                    1 = 1
                </when>
                <otherwise>
                    am.FINAL_APPROVAL_STATUS = #{status}
                </otherwise>
            </choose>
	</select>
    
    
    <!-- 승인관리 상세모달 -->
    <select id="findModalStoreInfo" resultType="com.example.finalEclips.eclips.mypage.dto.StoreInfoDto">
        SELECT 
		    AM.MAIN_MENU,
		    AM.PRICE,
		    AM.STORE_IMAGE,
		    AM.PRICE_APPROVAL,
		    AM.CLEANLINESS_APPROVAL,
		    AM.FINAL_APPROVAL_STATUS,
		    BU.BUSINESS_REG_NO,
		    BU.STORE_NAME,
		    BU.ADDRESS,
		    S.SIDO_NAME,
		    SG.SIGUNGU_NAME,
		    AM.STORE_ID
		FROM 
		    APPROVAL_MANAGEMENT AM
		JOIN 
		    GOOD_PRICE_BUSINESS GPB ON AM.STORE_ID = GPB.STORE_ID
		JOIN 
		    USER_TABLE UT ON GPB.USER_ID = UT.USER_ID
		JOIN 
		    BUSINESS_USER BU ON UT.USER_ID = BU.USER_ID
		JOIN 
		    SIGUNGU SG ON BU.SIGUNGU_ID = SG.SIGUNGU_ID
		JOIN 
		    SIDO S ON SG.SIDO_ID = S.SIDO_ID
		WHERE 
		    AM.STORE_ID = #{storeId}
    </select>
    
    
    <!-- 승인 반려 상태값 변경 -->
    <update id="updateApprovalStatusToPending" parameterType="com.example.finalEclips.eclips.mypage.dto.StoreInfoDto">
        UPDATE APPROVAL_MANAGEMENT
		SET FINAL_APPROVAL_STATUS = #{finalApprovalStatus}
		WHERE STORE_ID = #{storeId}
    </update>


    <!-- 리뷰 첨부파일 조회-->
    <select id="findReviewAttachmentById" resultType="com.example.finalEclips.eclips.mypage.dto.ReviewAttachmentDto">
        SELECT
           REVIEW_IMG_ID, 
           REVIEW_ID,
           ORIGIN_FILENAME,
           STORED_FILENAME,
           CONTENT_TYPE,
           FILE_SIZE,
           CREATED_AT
       FROM REVIEW_IMG
       WHERE REVIEW_IMG_ID = #{id}
    </select>
    
    <!-- 승인관리 첨부파일 조회 -->
    <select id="findManagementAttachmentById" resultType="com.example.finalEclips.eclips.mypage.dto.ManagementAttachmentsDto" >
        SELECT 
            ATTACHMENT_ID, 
            STORE_ID, 
            ORIGIN_FILENAME, 
            STORED_FILENAME, 
            CONTENT_TYPE, 
            FILE_SIZE, 
            CREATED_AT
        FROM APPROVAL_MANAGEMENT_ATTACHMENTS
        WHERE STORE_ID = #{id}
    </select>
    

</mapper>