<?xml version="1.0" encoding="UTF-8"?>

<!DOCTYPE mapper
        PUBLIC "-//mybatis.org//DTD Mapper 3.0//EN"
        "https://mybatis.org/dtd/mybatis-3-mapper.dtd">
<mapper namespace="com.example.finalEclips.eclips.qna.repository.QnaMapper">

<resultMap id="qnaAnswerMap" type="com.example.finalEclips.eclips.qna.dto.QnaDto">
    <id property="questionId" column="question_id" />
    <result property="userId" column="user_id" />
    <result property="title" column="title" />
    <result property="content" column="qna_content" />
    <result property="createdAt" column="qna_created_at" />
    <result property="views" column="views" />
    <collection property="answers" ofType="com.example.finalEclips.eclips.qna.dto.AnswerDto">
    	<result property="answerId" column="answer_id" />
        <result property="questionId" column="question_id" />
        <result property="content" column="answer_content" />
        <result property="createdAt" column="answer_created_at" />
        <result property="updateAt" column="update_at" />
    </collection>
</resultMap>

	<select id="findAllQnas" resultMap="qnaAnswerMap">
	SELECT 
          q.QUESTION_ID, 
          q.USER_ID, 
          q.TITLE, 
          q.CONTENT AS QNA_CONTENT, 
          q.CREATED_AT AS QNA_CREATED_AT, 
          q.VIEWS,
          a.ANSWER_ID AS answer_id,
          a.QUESTION_ID AS question_answer, 
          a.CONTENT AS ANSWER_CONTENT, 
          a.CREATED_AT AS ANSWER_CREATED_AT, 
          a.UPDATED_AT 
	FROM QUESTION q
	LEFT OUTER JOIN ANSWER a 
    ON q.QUESTION_ID = a.QUESTION_ID
    ORDER BY q.QUESTION_ID DESC, q.CREATED_AT DESC
    
	</select> 
	
	<select id="findQnaById" resultMap="qnaAnswerMap">
	SELECT 
          q.QUESTION_ID, 
          q.USER_ID, 
          q.TITLE, 
          q.CONTENT AS QNA_CONTENT, 
          q.CREATED_AT AS QNA_CREATED_AT, 
          q.VIEWS,
          a.ANSWER_ID AS answer_id,
          a.QUESTION_ID AS question_answer, 
          a.CONTENT AS ANSWER_CONTENT, 
          a.CREATED_AT AS ANSWER_CREATED_AT, 
          a.UPDATED_AT 
	FROM QUESTION q
	LEFT OUTER JOIN ANSWER a 
    ON q.QUESTION_ID = a.QUESTION_ID
    WHERE q.QUESTION_ID = #{id}
	</select>
	
	<update id="incrementViewCount">
        UPDATE QUESTION
        SET VIEWS = VIEWS + 1
        WHERE QUESTION_ID = #{id}
    </update>
    
    <insert id="saveQna">
    	INSERT INTO QUESTION
		(USER_ID, TITLE, CONTENT)
		VALUES( #{userId}, #{title}, #{content})
    </insert>
    
    <delete id="deleteQnaById">
		DELETE QUESTION WHERE QUESTION_ID = #{id}
	</delete>
	
	<insert id="saveQnaAnswer">
		INSERT INTO ANSWER
		(CONTENT, QUESTION_ID)
		VALUES( #{content}, #{questionId})
	</insert>
	
	<update id="updateQnaAnwerById">
		UPDATE ANSWER
		SET CONTENT= #{content}, UPDATED_AT = CURRENT_TIMESTAMP
		WHERE ANSWER_ID = #{answerId}
	</update>
	
	<delete id="deleteQnaAnswerById">
		DELETE FROM ANSWER
		WHERE ANSWER_ID = #{id}
	</delete>
	
	<delete id="deleteAnswersByQuestionId" parameterType="int">
    	DELETE FROM ANSWER WHERE QUESTION_ID = #{questionId}
	</delete>
	
	<select id="findSearchQna" resultType="com.example.finalEclips.eclips.qna.dto.QnaDto" resultMap="qnaAnswerMap">
	SELECT
	      QUESTION_ID, 
	      USER_ID, 
	      TO_CHAR(DBMS_LOB.SUBSTR(CONTENT, LENGTH(CONTENT), 1)) AS QNA_CONTENT,
	      title, 
	      CREATED_AT AS qna_created_at,
	      VIEWS AS views
	FROM QUESTION
	WHERE TITLE LIKE '%' ||  #{search} || '%'
	OR TO_CHAR(DBMS_LOB.SUBSTR(CONTENT, LENGTH(CONTENT), 1)) LIKE '%' ||  #{search} || '%'
	ORDER BY CREATED_AT DESC
	</select>
	
	<!-- 페이지네이션 -->
    <select id="findPaginatedQnas" resultType="com.example.finalEclips.eclips.qna.dto.QnaPaginationDto">
		SELECT t2.*
			FROM (
			  SELECT 
			    t1.*,
			    (SELECT COUNT(*) FROM answer WHERE QUESTION_ID = t1.QUESTION_ID) AS answer_count
			  FROM (
			    SELECT
			      ROW_NUMBER() OVER (ORDER BY q.QUESTION_ID DESC, q.CREATED_AT DESC) AS row_num,
			      q.QUESTION_ID,
			      q.USER_ID,
			      q.TITLE,
			      q.CONTENT,
			      q.CREATED_AT,
			      q.VIEWS
			    FROM QUESTION q
			  ) t1
			  <include refid="CommonSql.paginationWhere" />
			) t2
	</select>
	
	<select id="findPaginatedQnasCount" resultType="int">
		SELECT COUNT(*)
		  FROM (
		    SELECT t1.*
		    FROM (
		      SELECT
		        ROW_NUMBER() OVER (ORDER BY q.QUESTION_ID DESC, q.CREATED_AT DESC) AS row_num,
		        q.QUESTION_ID,
		        q.USER_ID,
		        q.TITLE,
		        q.CONTENT AS QNA_CONTENT,
		        q.CREATED_AT AS QNA_CREATED_AT,
		        q.VIEWS,
		        a.ANSWER_ID AS answer_id,
		        a.QUESTION_ID AS question_answer,
		        a.CONTENT AS ANSWER_CONTENT,
		        a.CREATED_AT AS ANSWER_CREATED_AT,
		        a.UPDATED_AT
		      FROM QUESTION q
		      LEFT OUTER JOIN ANSWER a ON q.QUESTION_ID = a.QUESTION_ID
		    ) t1
		  ) t2	
    </select>
	
</mapper>